{
  "Movie_1234": {
    "name": "Top Gun: Maverick",
    "picture": "https://assets.voxcinemas.com/posters/P_HO00007665.jpg",
    "director": "Joseph Kosinski",
    "date": "28-04-2022",
    "rating": 5,
    "isSeries": false,
    "series_details": [],
    "actors": {
      "Tom Cruise": {
        "picture": "https://upload.wikimedia.org/wikipedia/commons/thumb/b/b2/Jack_Reacher-_Never_Go_Back_Japan_Premiere_Red_Carpet-_Tom_Cruise_%2835338493152%29.jpg/340px-Jack_Reacher-_Never_Go_Back_Japan_Premiere_Red_Carpet-_Tom_Cruise_%2835338493152%29.jpg",
        "site": "https://www.imdb.com/name/nm0000129/"
      }
    }
  }
}